{
  "train_history": {
    "epoch": [
      1,
      2,
      3,
      4,
      5,
      6,
      7,
      8,
      9,
      10,
      11,
      12,
      13,
      14,
      15,
      16,
      17,
      18,
      19,
      20,
      21,
      22,
      23,
      24,
      25,
      26,
      27,
      28,
      29,
      30,
      31,
      32,
      33,
      34,
      35,
      36,
      37,
      38,
      39,
      40,
      41,
      42,
      43,
      44,
      45,
      46,
      47,
      48,
      49,
      50,
      51,
      52,
      53,
      54,
      55,
      56,
      57,
      58,
      59,
      60,
      61,
      62,
      63,
      64,
      65,
      66,
      67,
      68,
      69,
      70,
      71,
      72,
      73,
      74,
      75,
      76,
      77,
      78,
      79,
      80,
      81,
      82,
      83,
      84,
      85,
      86,
      87,
      88,
      89,
      90,
      91,
      92,
      93,
      94,
      95,
      96,
      97,
      98,
      99,
      100,
      101,
      102,
      103,
      104,
      105,
      106,
      107,
      108,
      109,
      110,
      111,
      112,
      113,
      114,
      115,
      116,
      117,
      118,
      119,
      120,
      121,
      122,
      123,
      124,
      125,
      126,
      127,
      128,
      129,
      130,
      131,
      132,
      133,
      134,
      135,
      136,
      137,
      138,
      139,
      140,
      141,
      142,
      143,
      144,
      145,
      146,
      147,
      148,
      149,
      150
    ],
    "critic_loss": [
      0.5644618145166299,
      0.3452946322850692,
      0.3369439047880662,
      0.33478689667506095,
      0.332298618555069,
      0.33080146664228194,
      0.3287333376896687,
      0.3289156419344437,
      0.3309266878244204,
      0.33081056078275045,
      0.32857414613931607,
      0.3280584845023278,
      0.3280084201158621,
      0.32737619632329695,
      0.3280625122479903,
      0.32736982451035423,
      0.32722322467045906,
      0.32744898551549667,
      0.32681893782737925,
      0.32653394906948774,
      0.3270045648782681,
      1.1275450483346596,
      1.0366959394552768,
      0.9703584629755754,
      1.0224024101709708,
      0.9533809018440735,
      0.9071724099990649,
      0.9206319549144842,
      0.9432371471172724,
      0.9280239332944918,
      0.963828207896306,
      0.9639204708429483,
      0.9421127433960255,
      0.9766104846428603,
      0.9752961244338598,
      1.0032197443338542,
      0.9685336048786457,
      1.0299226608031835,
      0.9960729701396747,
      1.0059773159332766,
      1.014303443982051,
      1.001194274884004,
      0.9742364019919665,
      0.962010609339445,
      0.9555063687838041,
      0.9600729019213945,
      0.9286344195023561,
      0.9332170211351835,
      0.9122989454330542,
      0.903460253507663,
      0.9065498480430016,
      0.8917920042306949,
      0.841225436864755,
      0.8972206557408358,
      0.894142205440081,
      0.8240180315115513,
      0.7961498015966171,
      0.8021059190615629,
      0.8018427434640053,
      0.7851153225470812,
      0.7824348981563861,
      0.7198855100533901,
      0.7670471787452697,
      0.7175141513347626,
      0.761819244042421,
      0.7492982963720958,
      0.6990792760482201,
      0.7527103541753231,
      0.660932143834921,
      0.7449591337106167,
      0.6838173270989687,
      0.6989272463016021,
      0.6725584944853416,
      0.6673264955862974,
      0.7895570225440539,
      0.578885244176938,
      0.6886213511992724,
      0.6777894061345321,
      0.5889060018918453,
      0.6422727700227346,
      0.6578611355561477,
      0.6363916377990674,
      0.6266072624004804,
      0.6169723483996513,
      0.6879788832786756,
      0.5947924208182555,
      0.6659679872103227,
      0.5776323258876801,
      0.6932831001587403,
      0.5659175463976004,
      0.6117029209931691,
      0.6358922108625754,
      0.5597546171683532,
      0.6391079917168005,
      0.6268320245620532,
      0.5763709874489369,
      0.6201134343942006,
      0.5492838464486294,
      0.5981307127536871,
      0.6533018259665905,
      0.5421277422171372,
      0.5997756569049297,
      0.5391641337137956,
      0.6478820910056432,
      0.5545199931432039,
      0.5625311026970545,
      0.6477026948562035,
      0.6738682598639757,
      0.5678126050111575,
      0.5563847878804573,
      0.6148678467059747,
      0.5205665806165108,
      0.6708911388348311,
      0.5127272168031105,
      0.6351442095560905,
      0.6214964013069104,
      0.5012462569352908,
      0.5153273833103669,
      0.605385933854641,
      0.5718300554232719,
      0.5815015971660614,
      0.5025417762689102,
      0.5111718022670502,
      0.5581688275704018,
      0.5938202471305163,
      0.4811062896863008,
      0.6522805382808049,
      0.47010460388966097,
      0.7813255119782228,
      0.5048110109873307,
      0.4879093097570615,
      0.47215706255191414,
      0.6251377318149958,
      0.4478287192491385,
      0.5876589485468009,
      0.4532798924507239,
      0.5538978093709701,
      0.44015398422876995,
      0.49126496078112186,
      0.6368881483872731,
      0.44575680448458743,
      0.4636665578071888,
      0.5945280219499881,
      0.44056541728667725,
      0.5193293513395847,
      0.537741904380994,
      0.43002181481092405,
      0.5537969803962952,
      0.43463054368129145,
      0.5833358899905131
    ],