{
  "train_history": {
    "epoch": [
      0, 1, 2, 3, 4, 5, 6, 7, 8, 9, 10, 11, 12, 13, 14, 15, 16, 17, 18, 19, 20,
      21, 22, 23, 24, 25, 26, 27, 28, 29, 30, 31, 32, 33, 34, 35, 36, 37, 38,
      39, 40, 41, 42, 43, 44, 45, 46, 47, 48, 49, 50, 51, 52, 53, 54, 55, 56,
      57, 58, 59, 60, 61, 62, 63, 64, 65, 66, 67, 68, 69, 70, 71, 72, 73, 74,
      75, 76, 77, 78, 79, 80, 81, 82, 83, 84, 85, 86, 87, 88, 89, 90, 91, 92,
      93, 94, 95, 96, 97, 98, 99, 100, 101, 102, 103, 104, 105, 106, 107, 108,
      109, 110, 111, 112, 113, 114, 115, 116, 117, 118, 119, 120, 121, 122, 123,
      124, 125, 126, 127, 128, 129, 130, 131, 132, 133, 134, 135, 136, 137, 138,
      139, 140, 141, 142, 143, 144, 145, 146, 147, 148, 149, 150, 151, 152, 153,
      154, 155, 156, 157, 158, 159, 160, 161, 162, 163, 164, 165, 166, 167, 168,
      169, 170, 171, 172, 173, 174, 175, 176, 177, 178, 179, 180, 181, 182, 183,
      184, 185, 186, 187, 188, 189, 190, 191, 192, 193, 194, 195, 196, 197, 198,
      199
    ],
    "critic_loss": [
      -29.964216465827747, -17.600338341639592, -11.538133299656403,
      -9.770028491509267, -8.126682672133812, -7.732305356172415,
      -7.418390745383043, -7.426413772045038, -7.552201582223941,
      -7.396370854133215, -7.170355427570832, -6.887838073877188,
      -6.722594841932639, -6.455636245165116, -6.219861885828849,
      -5.959296688055381, -5.723635392922621, -5.525727582894839,
      -5.418801078429589, -5.269720012102372, -5.140912214914958,
      -5.033542993129828, -4.972981781837268, -4.871375733155471,
      -4.800818458581582, -4.7036261280377705, -4.614585743806301,
      -4.573575224631872, -4.513020843420273, -4.430621704688439,
      -4.407764667119736, -4.332079626352359, -4.263246924143571,
      -4.235131494204203, -4.180795821776757, -4.158053591312506,
      -4.122719356035575, -4.093976770303188, -4.082413116479532,
      -4.033288186330061, -3.984269121976999, -3.9534555138685765,
      -3.8904714052493756, -3.885178577594268, -3.8469962116999503,
      -3.819597483598269, -3.8068466846759503, -3.790177633212163,
      -3.7411701877911887, -3.7482898589892266, -3.714540333014268,
      -3.6931266974180175, -3.6748485632431813, -3.6537527457261696,
      -3.6207450041404137, -3.6083310374846826, -3.5766085618581527,
      -3.5454454259994703, -3.5326937158902485, -3.5385805001625648,
      -3.5030042516879547, -3.4739895511896184, -3.462174995740255,
      -3.465567096685752, -3.447511762839097, -3.403459655627226,
      -3.4140030353497237, -3.378052225479713, -3.3819762211579545,
      -3.355875829855601, -3.3447801363773837, -3.326084954616351,
      -3.316715318423051, -3.30982961776929, -3.2782086589397528,
      -3.2691340706287284, -3.266332132388384, -3.2525604694317547,
      -3.237809679752741, -3.233406964937846, -3.2063556897334564,
      -3.1896570294331283, -3.188381258340982, -3.1771190404891967,
      -3.167887874138661, -3.171963112782209, -3.158095294695634,
      -3.1598585299956494, -3.149767600878691, -3.1332604139279097,
      -3.124577733186575, -3.1312257974575726, -3.124232891278389,
      -3.0976874785545543, -3.0879447576327204, -3.0833242477514804,
      -3.0785028503491327, -3.067995211099967, -3.0694156139324873,
      -3.057679887918326, -3.039307356492067, -3.061508079064198,
      -3.057593903174767, -3.0416535349992606, -3.0480000639573124,
      -3.0433617041661187, -3.022247056166331, -3.0228085566789678,
      -3.028788514626332, -3.01112856345299, -2.991921012218182,
      -3.010440138058785, -2.9910338896971482, -2.9900857974321413,
      -3.0088607476307794, -2.9981501469245324, -2.9832726866771013,
      -2.987863352054205, -2.9947509790078186, -2.979023439456255,
      -2.9770608736918525, -2.9770236858954795, -2.9735125321608322,
      -2.9703988497073834, -2.9658766153531197, -2.9633282178487534,
      -2.9732940117518107, -2.977806752155989, -2.95647714138031,
      -2.9687131417103303, -2.953475380555177, -2.9749598576472356,
      -2.958527001356467, -2.951341128960634, -2.9599052319159873,
      -2.9665601504154693, -2.9467132268807825, -2.9589503838465765,
      -2.9565749309001825, -2.959871648519467, -2.9505771734775643,
      -2.9454761853584874, -2.957969505358965, -2.9573331942925085,
      -2.9567943481298595, -2.951098855336507, -2.9484634894591113,
      -2.9364298172486136, -2.9456087913268654, -2.934256607446915,
      -2.9398494757138764, -2.942232378323873, -2.9471184828342536,
      -2.941337194198217, -2.9460392224483, -2.945509772422986,
      -2.9392500186577823, -2.945125456956717, -2.936835793959789,
      -2.9419338593116175, -2.9409374475479124, -2.9439430077870687,
      -2.9437719131127382, -2.9490892104613473, -2.9545799285937577,
      -2.9491115936866175, -2.9583497090217397, -2.9502375987859875,
      -2.967545536848215, -2.946401091111012, -2.962008905410767,
      -2.947997015561813, -2.9599960333261732, -2.9498118278307794,
      -2.9506298065185548, -2.9557128398846357, -2.9582330043499288,
      -2.9709969190450813, -2.959676411824349, -2.961503220215822,
      -2.954509800519699, -2.946059069266686, -2.959232489267985,
      -2.9520416852755424, -2.9533852833967944, -2.963508112002642,
      -2.947247551037715, -2.9522541883664255, -2.9538605035879675,
      -2.9559630565154245, -2.947432100467193, -2.9478437344233197,
      -2.9586592784294714, -2.941777818630903, -2.943191245274666,
      -2.9523966220708995, -2.9634147968047704, -2.953039059883509,
      -2.954476898755783, -2.947509096830319
    ],