{
  "train_history": {
    "epoch": [
      0, 1, 2, 3, 4, 5, 6, 7, 8, 9, 10, 11, 12, 13, 14, 15, 16, 17, 18, 19, 20,
      21, 22, 23, 24, 25, 26, 27, 28, 29, 30, 31, 32, 33, 34, 35, 36, 37, 38,
      39, 40, 41, 42, 43, 44, 45, 46, 47, 48, 49, 50, 51, 52, 53, 54, 55, 56,
      57, 58, 59, 60, 61, 62, 63, 64, 65, 66, 67, 68, 69, 70, 71, 72, 73, 74,
      75, 76, 77, 78, 79, 80, 81, 82, 83, 84, 85, 86, 87, 88, 89, 90, 91, 92,
      93, 94, 95, 96, 97, 98, 99, 100, 101, 102, 103, 104, 105, 106, 107, 108,
      109, 110, 111, 112, 113, 114, 115, 116, 117, 118, 119, 120, 121, 122, 123,
      124, 125, 126, 127, 128, 129, 130, 131, 132, 133, 134, 135, 136, 137, 138,
      139, 140, 141, 142, 143, 144, 145, 146, 147, 148, 149
    ],
    "critic_loss": [
      -47.84587360528799, -24.1238233541831, -17.56906663454496,
      -14.789477276190734, -13.858201143069145, -12.925343715227568,
      -12.1355201733418, -11.353816026296371, -10.76731487665421,
      -10.232162366157922, -9.803244601763211, -9.55191668241452,
      -9.16725536004091, -8.870652122375292, -8.632865762710571,
      -8.3487264082982, -8.223867829640707, -8.011121813456217,
      -7.721322069412623, -7.625237775460268, -7.364937261434702,
      -7.226357355484596, -7.059147151922568, -6.918785369396209,
      -6.83218641158862, -6.694502267776391, -6.66685559291106,
      -6.537405290359106, -6.519735129062946, -6.433980826231149,
      -6.3616520166397095, -6.363015778248126, -6.287953032285739,
      -6.160133607570941, -6.1201950507286265, -6.069770761025258,
      -5.959545249816699, -5.978014562680171, -5.911872904728621,
      -5.854223343042227, -5.864783505904369, -5.778098493355971,
      -5.78837450956687, -5.7128189262671345, -5.6970915904411905,
      -5.668667733974946, -5.629587639295138, -5.599007988587404,
      -5.548152638704349, -5.490762239541763, -5.484264188546401,
      -5.48945482021723, -5.46500214552268, -5.36781526590005,
      -5.356072156398724, -5.39492623378069, -5.343322908266996,
      -5.298606517987373, -5.369264547030131, -5.289697090479044,
      -5.291253463427226, -5.276025606424381, -5.280210629487649,
      -5.228349523055248, -5.231451792900379, -5.223343545656938,
      -5.241783617093013, -5.236616535675831, -5.210242381157019,
      -5.195346611585372, -5.174350192302312, -5.198111110772842,
      -5.147125310775561, -5.153682634769342, -5.191249560087155,
      -5.145911803612342, -5.1541607826184, -5.185074230035146,
      -5.131326525027935, -5.184440824313041, -5.159705999570015,
      -5.167236096431047, -5.151983269055685, -5.2069072283231295,
      -5.189589809454405, -5.186060175834558, -5.1976745819434145,
      -5.200170499850542, -5.20723054531293, -5.171775463299873,
      -5.196464781883435, -5.27742787813529, -5.206259698439867,
      -5.200223101713719, -5.258466089077485, -5.227047437276596,
      -5.297416967612047, -5.270038159076984, -5.300075438083747,
      -5.31226743490268, -5.32108832689432, -5.3265124107018496,
      -5.33136055224981, -5.343016871427879, -5.348745842469044,
      -5.387043405190492, -5.378954034585219, -5.397637832470429,
      -5.422607335371849, -5.46289811867934, -5.464491452314915,
      -5.475767156405326, -5.494501399993896, -5.510729041466346,
      -5.515398356242057, -5.569477309936132, -5.596639057917472,
      -5.587210960265917, -5.608831327389448, -5.629738754492539,
      -5.676541320482889, -5.642200119067461, -5.704948448523497,
      -5.71498755247165, -5.725560081922091, -5.749526602182633,
      -5.776653390052991, -5.768369962007571, -5.811201402468559,
      -5.866565783207233, -5.868799330638005, -5.897079294767135,
      -5.945511232889616, -5.9459567870849215, -5.95775093237559,
      -5.999423316197517, -6.021772520970075, -6.058420523007711,
      -6.078244483776581, -6.110261250153566, -6.15605969673548,
      -6.152999851031181, -6.244998417145166, -6.235726733696766,
      -6.219163377468402, -6.26260936993819, -6.29431033868056,
      -6.3265475505437605, -6.325248364301828, -6.3995616711103
    ],
    "generator_loss": [
      41.20107638469109, -30.074979537954697, -41.713298254746654,
      -50.47305714533879, -42.39603151174692, -30.026375337747428,
      -15.422826409798402, -10.05654500768735, -3.9684562962788803,
      0.4640430958225177, 4.531548744440078, 8.067462579905987,
      10.686920480086254, 12.190661741220033, 16.5405781394014,
      18.830587911835085, 24.465031088315524, 28.014479090617254,
      29.502542055570164, 30.801147431593677, 32.12805852156419,
      32.03386079348051, 30.789126462202805, 30.27645723636334,
      31.670493345994217, 33.488520827660196, 34.255286407470706,
      33.88857418940618, 35.38911016904391, 37.30762365781344,
      39.494661507239705, 40.395787679232086, 42.64481942103459,
      43.238107798649715, 42.56101555457482, 45.38426573826717,
      45.65194806319017, 45.486464368380034, 49.253569823045, 47.8449094919058,
      49.34196607149564, 50.60988643352802, 48.633289043719955,
      50.32524258540227, 50.582414098886346, 49.28220889751728,
      50.023042649489184, 50.25191582899827, 51.06640149630033,
      49.22096152672401, 50.70249909621019, 50.56652565002442,
      50.81366163400503, 50.475767341026895, 52.08156324533316,
      51.459828303410454, 51.57377821115347, 52.95141202486479,
      55.09317330580491, 55.780165217472955, 56.62958811246432,
      56.132519854032076, 57.36266007056603, 57.093355795053334,
      58.661195226816034, 58.84430251488319, 58.666802743765025,
      59.645849345280574, 62.05363385127141, 62.425415303156925,
      62.980962166419395, 63.19494781494141, 63.59218887915978,
      65.9011962890625, 67.11702217688928, 66.80132965674767, 67.69341603792631,
      67.71556857182429, 66.41398644080529, 67.14965805640587,
      69.98966170090895, 69.78663183359, 71.62392161442683, 69.98461779080904,
      70.84633698096643, 70.95379016582783, 72.94113390995906,
      73.94197698739859, 73.1390139066256, 72.91317059443547, 74.9375371492826,
      73.8322607774001, 76.21713532667894, 76.21134138840895, 76.61249278141902,
      76.93428679246169, 76.45991146381084, 75.7336423433744, 77.98628064669096,
      77.13375578660231, 77.87684660691481, 80.10792529766377,
      82.14821912325345, 81.02576411320614, 79.96760647113507,
      81.52499730036809, 81.69066514235277, 81.67057459904598,
      82.55436131403997, 83.16833666287936, 84.00156519963191,
      84.38562064537635, 83.27801801241361, 83.57538780799278,
      84.71049775343675, 84.82169846754807, 84.72937264075647,
      85.88603744506835, 85.63994557307316, 84.77055986844576,
      86.29310138408954, 85.85491931621846, 87.21097864004282,
      86.74292543851412, 86.6774756211501, 87.31036435640775, 87.19019658015324,
      87.96012156559871, 87.76185772235577, 87.54217752309945,
      87.00887768085187, 86.6805901160607, 86.78727798461914, 88.38058184110201,
      87.36087716909556, 87.52814243023212, 88.46727823110727,
      87.33755223200872, 88.37322158813477, 88.09212922316331,
      87.50169014563927, 87.43923157912035, 87.20518135657677,
      89.27192036555364, 87.80725989708533, 87.97623390784631, 88.6125366797814,
      88.31969516460713, 88.59701825655424, 88.29466353196364
    ],