{"epoch": [0, 1, 2, 3, 4, 5, 6, 7, 8, 9, 10, 11, 12, 13, 14, 15, 16, 17, 18, 19, 20, 21, 22, 23, 24, 25, 26, 27, 28, 29, 30, 31, 32, 33, 34, 35, 36, 37, 38, 39, 40, 41, 42, 43, 44, 45, 46, 47, 48, 49, 50, 51, 52, 53, 54, 55, 56, 57, 58, 59, 60, 61, 62, 63, 64, 65, 66, 67, 68, 69, 70, 71, 72, 73, 74, 75, 76, 77, 78, 79, 80, 81, 82, 83, 84, 85, 86, 87, 88, 89, 90, 91, 92, 93, 94, 95, 96, 97, 98, 99, 100, 101, 102, 103, 104, 105, 106, 107, 108, 109, 110, 111, 112, 113, 114, 115, 116, 117, 118, 119, 120, 121, 122, 123, 124, 125, 126, 127, 128, 129, 130, 131, 132, 133, 134, 135, 136, 137, 138, 139, 140, 141, 142, 143, 144, 145, 146, 147, 148, 149, 150, 151, 152, 153, 154, 155, 156, 157, 158, 159, 160, 161, 162, 163, 164, 165, 166, 167, 168, 169, 170, 171, 172, 173, 174, 175, 176, 177, 178, 179, 180, 181, 182, 183, 184, 185, 186, 187, 188, 189, 190, 191, 192, 193, 194, 195, 196, 197, 198, 199], "critic_loss": [-44.992267902080826, -23.81549644470215, -16.37672255222614, -14.007664717160738, -14.686177800251887, -13.951831401922764, -12.981580047118358, -12.30690677532783, -11.808015461457082, -11.242610184962933, -10.701044456775373, -10.22287100584079, -9.756362127952087, -9.442625577633198, -9.046018264232538, -8.813120068647923, -8.588995129634172, -8.324680601022182, -8.132772118311662, -7.958064613586817, -7.775099054666666, -7.5616311250588835, -7.528483767387194, -7.333659862860655, -7.175130424132714, -7.128750081245716, -6.989644228495084, -6.901821335768088, -6.8007547146234755, -6.724547625199342, -6.723178539520655, -6.607749937130855, -6.499209087017255, -6.452662743666234, -6.390018193538372, -6.368004706578377, -6.258540084117498, -6.283142742743859, -6.2533336932842545, -6.143315490698203, -6.1499213487674025, -6.129580130943885, -6.0897926966349285, -6.082350177642627, -6.076242023859269, -5.996999477728819, -5.992220879212404, -5.982847081697904, -5.9490042833181525, -5.946117462867345, -5.867903992151603, -5.863864813095484, -5.861153465662247, -5.826012168175135, -5.845228327237643, -5.877529526979496, -5.803704561331333, -5.7645974312073145, -5.753950213774656, -5.803301899249737, -5.70020667039431, -5.7238929137205465, -5.718747926981021, -5.678399653923817, -5.705794143065428, -5.676403480921036, -5.721336007118225, -5.689043593406677, -5.670903175916427, -5.617761656565544, -5.646643127539219, -5.671820556811797, -5.619827014360673, -5.654510682668441, -5.638612569906773, -5.605940785774818, -5.601261598635943, -5.644396610749074, -5.621941386736356, -5.68567965458601, -5.619558831361624, -5.649185457596412, -5.640170541176429, -5.670493548344343, -5.662881381083757, -5.676011200440236, -5.653215724382645, -5.655918375651042, -5.650412840720935, -5.672159660779513, -5.685844366367046, -5.705323314055418, -5.666121092209449, -5.693099245658288, -5.699100184440613, -5.688576722756411, -5.727827627230913, -5.6955147584279375, -5.724234629288698, -5.76875698138506, -5.73961268449441, -5.766652631759643, -5.792157635321984, -5.814555092958304, -5.802199636972867, -5.829912458933316, -5.8804609023607695, -5.840270872605153, -5.8679230017539785, -5.877584974582379, -5.907191509466905, -5.922059991420844, -5.946503754762503, -5.897145498104584, -5.952253178449777, -5.957603630652795, -6.02352423056578, -5.988275380623646, -6.060255763469598, -6.050482974908291, -6.064805996723664, -6.078034907120925, -6.122037243231749, -6.109354852407407, -6.1535079974394575, -6.1588661756270975, -6.181714353805933, -6.175584285075848, -6.188800941369473, -6.236552311212589, -6.247442918557387, -6.3015745737613775, -6.291846854258806, -6.323822043492243, -6.310443214269784, -6.358392286300659, -6.3701133935879435, -6.373576527375441, -6.426063256385999, -6.4363160157815, -6.421569940371391, -6.425899448761573, -6.539366871271378, -6.535346286724775, -6.5286528440622185, -6.587174100142259, -6.5853612459622894, -6.6162389290638455, -6.6107304022862365, -6.658828278076954, -6.661406431442652, -6.714558213796371, -6.695569907701932, -6.737042754735702, -6.753818906881871, -6.819965775807699, -6.776835253299811, -6.837996912002564, -6.901765002959814, -6.860455108300234, -6.885954337242322, -6.889538422608987, -6.952312964659471, -6.942671931095612, -6.937685726850461, -6.951804533982888, -7.0026817040565685, -7.006030175624749, -7.054506309215839, -7.080225350306584, -7.074192311213567, -7.10048808440184, -7.116593220295051, -7.158692582448324, -7.142565201490354, -7.178701565815852, -7.173032006239279, -7.2095386627392894, -7.215786480292296, -7.249775347342858, -7.243062929006723, -7.27032591012808, -7.265851402282715, -7.280470093702658, -7.329170537606264, -7.326064991339659, -7.36406804231497, -7.365388244237655, -7.378301647381905, -7.353977163021381, -7.3639439888489555, -7.447983625607613, -7.42613091591077, -7.451101283538036, -7.474420307844113, -7.480591626045031, -7.520305728912353, -7.483291262846727, -7.493041945726444, -7.541188615407699],