{"epoch": [
    1,2,3,4,5,6,7,8,9,10,11,12,13,14,15,16,17,18,19,20,21,22,23,24,25,26,27,28,29,30,31,32,33,34,35,36,37,38,39,
    40, 41, 42, 43, 44, 45, 46, 47, 48, 49, 50, 51, 52, 53, 54, 55, 56, 57, 58, 59, 60, 61, 62, 63, 64, 65, 66, 67, 68, 69, 70, 71, 72, 73, 74, 75, 76, 77, 78, 79, 80, 81, 82, 83, 84, 85, 86, 87, 88, 89, 90, 91, 92, 93, 94, 95, 96, 97, 98, 99, 100, 101, 102, 103, 104, 105, 106, 107, 108, 109, 110, 111, 112, 113, 114, 115, 116, 117, 118, 119, 120, 121, 122, 123, 124, 125, 126, 127, 128, 129, 130, 131, 132, 133, 134, 135, 136, 137, 138, 139, 140, 141, 142, 143, 144, 145, 146, 147, 148, 149, 150, 151, 152, 153, 154, 155, 156, 157, 158, 159, 160, 161, 162, 163, 164, 165, 166, 167, 168, 169, 170, 171, 172, 173, 174, 175, 176, 177, 178, 179, 180, 181, 182, 183, 184, 185, 186, 187, 188, 189, 190, 191, 192, 193, 194, 195, 196, 197, 198, 199],
    "critic_loss": [-40.6932,
    -32.0860,
    -22.8956,
    -17.5869,
    -18.6858,
    -16.9485,
    -12.8161,
    -12.8164,
    -13.3353,
    -13.8060,
    -11.7972,
    -12.7014,
    -10.7500,
    -10.5816,
    -12.4658,
    -11.2699,
    -10.1086,
    -9.7001,
    -10.0415,
    -10.4321,
    -10.8819,
    -8.4158,
    -7.9046,
    -9.7713,
    -8.8960,
    -7.4136,
    -8.5803,
    -7.0434,
    -9.1272,
    -7.0460,
    -7.9854,
    -8.4855,
    -8.2283,
    -6.9382,
    -7.4805,
    -6.5483,
    -8.6027,
    -6.2976,
    -7.9445,
    -8.7027,
    -7.359334945678711, -7.130937576293945, -6.6518707275390625, -6.036626815795898, -6.6158671379089355, -7.996843338012695, -7.970308780670166, -7.167396068572998, -6.607438087463379, -7.069968223571777, -7.284670829772949, -7.030806541442871, -6.653087615966797, -5.955286026000977, -6.768874168395996, -6.956893444061279, -6.723433494567871, -6.513763427734375, -6.632237434387207, -6.742461204528809, -6.824599266052246, -5.426303863525391, -6.342443466186523, -5.837545394897461, -7.064842224121094, -7.113122940063477, -6.275630950927734, -6.01011323928833, -6.145036220550537, -5.827328205108643, -6.894425392150879, -6.0348944664001465, -6.02862024307251, -6.118669509887695, -5.707437515258789, -7.189637184143066, -5.46575927734375, -5.008627891540527, -6.395708084106445, -5.476652145385742, -6.041926383972168, -6.920931816101074, -6.417996406555176, -4.973517417907715, -6.428833484649658, -6.814830780029297, -5.98064661026001, -5.38771390914917, -6.033150672912598, -6.3797101974487305, -5.701761245727539, -6.834292411804199, -3.972299098968506, -5.635407447814941, -6.058439254760742, -6.2479963302612305, -6.022174835205078, -6.133317947387695, -5.874744415283203, -6.204134941101074, -6.662726879119873, -5.621692657470703, -5.766909122467041, -5.3785786628723145, -7.1765241622924805, -6.19087028503418, -5.384044647216797, -6.102386474609375, -4.736261367797852, -6.775849342346191, -6.0391974449157715, -5.657822608947754, -4.9791059494018555, -6.201920986175537, -5.690447807312012, -6.303714275360107, -5.75029993057251, -6.469204902648926, -5.040158271789551, -6.168694496154785, -6.494173049926758, -6.13694953918457, -5.848296642303467, -6.6206135749816895, -6.5503034591674805, -7.36771821975708, -6.1732964515686035, -5.60579252243042, -6.189775466918945, -5.668405055999756, -6.52874231338501, -6.892855167388916, -6.4774041175842285, -6.433841705322266, -6.945215225219727, -5.978416919708252, -6.347385406494141, -6.734089374542236, -6.700326919555664, -5.832245826721191, -6.958169460296631, -6.471365451812744, -7.855380535125732, -6.863828659057617, -7.642776012420654, -6.792917251586914, -6.114402770996094, -6.567275524139404, -6.753747463226318, -6.763978004455566, -7.484446048736572, -7.691877365112305, -6.350077152252197, -6.845701217651367, -7.575351238250732, -7.208900451660156, -6.263637065887451, -6.642951488494873, -8.332881927490234, -7.122333526611328, -6.588637828826904, -7.761125087738037, -8.126585006713867, -6.902888298034668, -6.812884330749512, -7.660625457763672, -7.529836177825928, -8.278027534484863, -7.218269348144531, -7.924884796142578, -6.905300617218018, -6.6455583572387695, -7.171778202056885, -8.108898162841797, -9.036726951599121, -7.597317218780518, -8.081327438354492, -7.017884254455566, -7.359718322753906, -7.018477439880371, -6.8513641357421875, -6.884896278381348, -7.457430839538574, -7.725666046142578, -7.095418930053711, -8.340331077575684, -8.494511604309082, -8.186010360717773, -7.707326889038086, -7.383633613586426, -7.192737579345703, -7.872004508972168, -8.022186279296875, -7.355471611022949, -8.972108840942383, -8.123157501220703, -7.808382987976074, -7.383363246917725, -6.851306438446045, -7.049302101135254],